Activity Type,Date,Favorite,Title,Distance,Calories,Time,Avg HR,Max HR,Aerobic TE,Avg Speed,Total Ascent,Total Descent,Number of Laps
Walking,2026-08-30 15:26:00,false,Evening Walk,5.15,548,0:59:04,108,122,1.1,5.2,43,42,4
Cycling,2026-08-27 17:05:00,false,Morning Ride,20.74,438,0:44:42,142,166,2.3,27.8,266,281,3
Running,2026-08-23 17:51:00,false,Evening Run,14.15,931,1:13:24,148,177,3.1,5:11,268,236,6
Cycling,2026-08-21 05:01:00,false,Club Ride,33.36,953,1:24:08,127,152,2.0,23.8,182,171,7
Cycling,2026-08-20 18:06:00,false,Evening Ride,28.18,494,1:04:06,131,160,2.0,26.4,179,205,5
Running,2026-08-18 19:41:00,false,Evening Run,9.84,641,1:04:39,144,170,2.7,6:34,160,137,5
Hiking,2026-08-17 11:00:00,false,Hike,9.23,"1,909",2:35:37,107,127,1.4,3.6,282,275,12
Running,2026-08-14 15:06:00,false,Lunch Run,10.39,555,1:02:53,147,158,2.9,6:03,131,130,5
Running,2026-08-10 14:52:00,false,Lunch Run,15.58,"1,033",1:25:20,150,162,3.4,5:29,184,163,7
Cycling,2026-08-10 06:34:00,false,Club Ride,43.50,833,1:26:41,142,165,2.9,30.1,678,643,7
Running,2026-08-09 13:42:00,false,Long Run,5.60,356,0:32:08,129,149,1.5,5:44,87,91,2
Cycling,2026-08-06 18:32:00,false,Club Ride,27.60,589,1:08:50,141,164,2.6,24.1,142,152,5
Cycling,2026-08-04 12:54:00,false,Evening Ride,39.88,"1,121",1:52:21,137,165,2.8,21.3,316,276,9
Hiking,2026-08-02 08:46:00,false,Hike,14.32,"2,458",3:22:39,124,139,2.5,4.2,748,764,16
Running,2026-07-29 05:10:00,false,Lunch Run,7.05,582,0:46:11,167,195,3.8,6:33,119,114,3
Cycling,2026-07-26 11:32:00,false,Club Ride,23.72,547,1:00:31,146,164,2.8,23.5,159,142,5
Running,2026-07-24 13:19:00,false,Lunch Run,10.00,430,0:49:00,170,182,4.1,4:54,85,84,4
Cycling,2026-07-23 17:50:00,false,Club Ride,39.70,710,1:27:35,108,136,1.2,27.2,229,240,7
Cycling,2026-07-22 19:57:00,false,Lunch Ride,41.43,993,1:50:43,142,169,3.1,22.5,550,497,9
Cycling,2026-07-21 15:20:00,false,Lunch Ride,39.29,868,1:32:15,147,167,3.2,25.6,264,276,7
Cycling,2026-07-20 18:04:00,false,Club Ride,36.54,878,1:17:34,130,143,2.1,28.3,400,373,6
Running,2026-07-20 12:00:00,false,Untitled,0.01,--,0:00:92,--,--,0.0,0.0,--,--,1
Running,2026-07-18 19:19:00,false,Lunch Run,11.20,575,0:59:00,163,189,3.8,5:16,220,246,4
Walking,2026-07-17 09:14:00,false,Walk,2.50,328,0:29:35,98,115,0.6,5.1,15,14,2
Running,2026-07-13 09:27:00,false,Morning Run,7.50,442,0:41:17,150,172,2.7,5:30,39,34,3
Cycling,2026-07-12 05:49:00,false,Morning Ride,18.89,407,0:41:08,135,146,1.9,27.6,225,200,3
Cycling,2026-07-11 06:22:00,false,Morning Ride,16.36,559,0:44:33,145,160,2.5,22.0,93,101,3
Cycling,2026-07-10 17:35:00,false,Club Ride,43.43,737,1:37:54,150,166,3.6,26.6,406,454,8
Running,2026-07-09 08:06:00,false,Evening Run,10.00,386,0:44:36,171,192,4.1,4:28,83,71,3
Cycling,2026-07-07 19:25:00,false,Evening Ride,20.42,566,0:49:12,129,144,1.8,24.9,256,219,4
Cycling,2026-07-04 11:12:00,false,Lunch Ride,27.65,611,1:17:20,148,165,3.1,21.5,299,304,6
Cycling,2026-07-03 19:55:00,false,Club Ride,32.39,917,1:11:34,144,173,2.8,27.1,300,276,5
Cycling,2026-07-02 12:09:00,false,Evening Ride,29.23,698,1:09:12,124,140,1.8,25.3,308,303,5
Cycling,2026-07-01 09:19:00,false,Evening Ride,75.60,"1,986",2:33:24,150,179,4.0,29.6,1179,1251,12
Cycling,2026-06-30 05:53:00,false,Evening Ride,27.40,672,0:57:15,134,148,2.1,28.7,380,432,4
Running,2026-06-29 10:57:00,false,Evening Run,8.28,442,0:45:23,157,186,3.1,5:29,51,51,3
Cycling,2026-06-27 18:44:00,false,Evening Ride,37.17,537,1:14:58,130,160,2.1,29.8,290,284,6
Cycling,2026-06-26 14:49:00,false,Lunch Ride,31.42,610,0:59:12,124,143,1.7,31.8,259,279,4
Cycling,2026-06-25 05:50:00,false,Morning Ride,27.64,506,0:53:11,131,150,1.9,31.2,191,190,4
Cycling,2026-06-24 11:41:00,false,Lunch Ride,38.01,641,1:26:48,126,142,2.0,26.3,355,353,7
Hiking,2026-06-22 07:59:00,false,Hike,5.45,877,1:22:37,108,131,1.2,4.0,167,176,6
Running,2026-06-21 11:35:00,false,Morning Run,9.99,396,0:55:58,142,167,2.5,5:36,107,91,4
Walking,2026-06-20 17:01:00,false,Walk,2.29,241,0:30:13,86,112,0.4,4.5,25,21,2
Cycling,2026-06-17 16:48:00,false,Evening Ride,32.91,"1,022",1:29:27,118,131,1.6,22.1,155,145,7
Running,2026-06-16 13:25:00,false,Long Run,8.15,574,0:44:21,160,187,3.3,5:26,68,60,3
Cycling,2026-06-15 08:15:00,false,Club Ride,38.76,651,1:02:11,141,153,2.5,37.4,157,175,5
Walking,2026-06-11 14:53:00,false,Evening Walk,2.92,373,0:31:29,100,125,0.7,5.6,27,23,2
Cycling,2026-06-10 08:46:00,false,Lunch Ride,36.04,739,1:20:43,110,129,1.3,26.8,414,464,6
Hiking,2026-06-09 11:45:00,false,Hike,5.89,"1,154",1:37:08,121,136,1.8,3.6,536,497,8
Running,2026-06-08 07:52:00,false,Morning Run,9.08,477,1:00:18,148,173,2.9,6:38,54,48,5
Cycling,2026-06-06 11:22:00,false,Morning Ride,33.70,657,1:00:02,127,149,1.8,33.7,330,284,5
Running,2026-06-03 09:11:00,false,Evening Run,11.07,616,1:06:35,139,156,2.5,6:01,183,176,5
Running,2026-05-27 11:56:00,false,Morning Run,10.26,543,0:59:48,159,179,3.6,5:50,129,140,4
Cycling,2026-05-26 07:50:00,false,Morning Ride,34.97,865,1:32:32,129,151,2.2,22.7,392,353,7
Cycling,2026-05-24 19:26:00,false,Morning Ride,24.97,663,0:59:52,130,146,1.9,25.0,377,398,4
Running,2026-05-24 15:39:00,false,Evening Run,6.36,357,0:30:27,149,177,2.4,4:47,36,34,2
Cycling,2026-05-23 19:59:00,false,Club Ride,21.53,641,0:51:45,122,142,1.5,25.0,338,366,4
Cycling,2026-05-21 12:55:00,false,Evening Ride,59.77,"1,008",2:03:53,130,155,2.5,29.0,338,334,10
Walking,2026-05-20 11:37:00,false,Walk,2.19,214,0:24:59,96,120,0.6,5.3,4,4,2
Walking,2026-05-19 09:00:00,false,Evening Walk,2.69,269,0:31:25,89,107,0.5,5.1,30,31,2
Cycling,2026-05-16 06:46:00,false,Morning Ride,51.13,"1,504",2:12:44,146,174,3.5,23.1,239,222,11
Running,2026-05-09 15:45:00,false,Long Run,4.31,224,0:23:55,139,156,1.8,5:33,35,38,1
Walking,2026-05-08 09:41:00,false,Walk,3.68,510,0:42:02,113,129,1.1,5.2,33,31,3
Running,2026-05-07 11:40:00,false,Evening Run,8.76,635,0:51:45,150,162,2.9,5:55,164,148,4
Cycling,2026-05-06 13:37:00,false,Club Ride,32.74,"1,108",1:28:50,144,156,3.0,22.1,257,238,7
Walking,2026-05-06 12:40:00,false,Evening Walk,4.62,569,0:50:38,87,106,0.5,5.5,42,36,4
Cycling,2026-05-02 15:35:00,false,Evening Ride,61.02,"1,348",1:53:30,125,146,2.1,32.3,837,903,9
Running,2026-04-30 10:05:00,false,Long Run,10.34,713,1:02:04,142,160,2.6,6:00,162,169,5
Running,2026-04-28 07:03:00,false,Long Run,2.67,192,0:16:00,128,149,1.2,5:59,41,39,1
Running,2026-04-26 12:56:00,false,Long Run,6.38,380,0:38:20,160,180,3.2,6:00,81,70,3
Cycling,2026-04-24 15:04:00,false,Morning Ride,43.21,920,1:25:59,132,160,2.3,30.2,273,241,7
Cycling,2026-04-23 12:13:00,false,Evening Ride,27.83,622,1:05:24,133,153,2.1,25.5,297,253,5
Cycling,2026-04-22 19:02:00,false,Lunch Ride,12.50,344,0:28:08,109,135,0.9,26.7,78,67,2
Cycling,2026-04-21 10:04:00,false,Morning Ride,36.05,536,1:13:15,129,158,2.0,29.5,157,145,6
Hiking,2026-04-18 07:01:00,false,Hike,10.31,"1,836",2:26:30,110,123,1.5,4.2,743,846,12
Running,2026-04-16 09:20:00,false,Long Run,6.46,468,0:42:03,153,175,2.8,6:31,121,104,3
Cycling,2026-04-14 09:09:00,false,Club Ride,48.78,"1,185",1:40:12,127,151,2.1,29.2,710,676,8
Running,2026-04-13 07:25:00,false,Lunch Run,3.68,246,0:22:53,149,166,2.2,6:14,23,25,1
Cycling,2026-04-11 19:22:00,false,Lunch Ride,30.78,511,1:12:30,151,163,3.3,25.5,320,340,6
Running,2026-04-10 17:42:00,false,Evening Run,12.74,510,0:59:12,143,172,2.6,4:39,84,91,4
Walking,2026-04-08 06:09:00,false,Evening Walk,3.16,516,0:47:07,100,122,0.8,4.0,24,21,3
Walking,2026-04-06 06:08:00,false,Evening Walk,5.51,616,1:01:11,92,121,0.7,5.4,21,23,5
Walking,2026-04-03 14:38:00,false,Walk,4.37,659,0:53:00,108,134,1.0,4.9,37,34,4
Cycling,2026-03-31 12:15:00,false,Club Ride,59.92,"1,293",2:04:17,130,149,2.5,28.9,866,888,10
Hiking,2026-03-30 18:57:00,false,Hike,14.27,"1,970",4:15:08,128,144,2.9,3.4,499,437,21
Cycling,2026-03-29 06:46:00,false,Lunch Ride,54.01,"1,472",1:54:20,144,169,3.2,28.3,398,347,9
Running,2026-03-29 06:34:00,false,Long Run,4.74,293,0:27:55,146,174,2.2,5:53,65,67,2
Cycling,2026-03-27 08:55:00,false,Lunch Ride,38.03,903,1:31:25,141,163,2.8,25.0,157,151,7
Running,2026-03-26 14:26:00,false,Morning Run,11.81,833,1:12:00,145,157,2.9,6:06,176,153,6
Running,2026-03-19 17:27:00,false,Long Run,8.89,524,0:49:31,137,165,2.1,5:34,155,174,4
Walking,2026-03-18 16:11:00,false,Evening Walk,2.07,326,0:29:39,108,123,0.9,4.2,20,19,2
Walking,2026-03-17 15:33:00,false,Walk,6.49,789,1:06:29,101,131,0.9,5.9,23,24,5
Running,2026-03-15 19:31:00,false,Evening Run,2.69,203,0:16:00,135,148,1.4,5:57,35,30,1
Cycling,2026-03-14 12:19:00,false,Club Ride,32.99,552,1:12:46,123,138,1.7,27.2,301,321,6
Running,2026-03-10 09:04:00,false,Evening Run,5.41,307,0:31:43,148,163,2.4,5:51,33,35,2
Cycling,2026-03-06 08:29:00,false,Evening Ride,33.07,602,1:05:20,135,149,2.2,30.4,308,278,5
Cycling,2026-03-03 13:19:00,false,Lunch Ride,39.86,663,1:30:11,131,155,2.2,26.5,260,298,7
Walking,2026-02-28 18:53:00,false,Walk,5.66,681,1:15:47,103,116,1.0,4.5,25,26,6
Walking,2026-02-27 17:00:00,false,Evening Walk,5.75,627,1:02:55,96,119,0.8,5.5,63,58,5
Cycling,2026-02-21 17:54:00,false,Evening Ride,39.40,720,1:20:23,117,129,1.5,29.4,615,655,6
Running,2026-02-21 15:27:00,false,Long Run,8.50,392,0:51:17,141,170,2.4,6:02,88,94,4
Running,2026-02-19 19:42:00,false,Morning Run,7.85,416,0:47:54,150,164,2.8,6:06,141,127,3
Cycling,2026-02-16 11:42:00,false,Evening Ride,54.90,"1,282",2:02:18,148,175,3.6,26.9,825,874,10
Running,2026-02-15 15:05:00,false,Evening Run,15.86,842,1:38:38,138,160,2.8,6:13,130,149,8
Cycling,2026-02-14 06:39:00,false,Evening Ride,56.79,"1,339",2:08:33,135,149,2.8,26.5,343,350,10
Cycling,2026-02-11 18:12:00,false,Lunch Ride,27.17,460,1:02:00,129,141,1.9,26.3,406,405,5
Cycling,2026-02-09 17:14:00,false,Club Ride,52.27,942,1:57:22,134,146,2.6,26.7,723,734,9
Cycling,2026-02-08 09:28:00,false,Lunch Ride,82.82,"1,991",2:51:27,141,166,3.5,29.0,1062,1154,14
Running,2026-02-01 07:25:00,false,Morning Run,3.09,125,0:16:00,150,168,2.0,5:11,51,55,1
Cycling,2026-01-30 12:25:00,false,Lunch Ride,44.69,747,1:37:56,139,165,2.8,27.4,444,480,8
Cycling,2026-01-24 09:07:00,false,Club Ride,50.34,935,1:39:08,129,149,2.2,30.5,707,725,8
Hiking,2026-01-22 10:57:00,false,Hike,16.44,"2,416",3:10:32,127,149,2.6,5.2,884,884,15
Cycling,2026-01-20 15:44:00,false,Morning Ride,33.95,942,1:15:50,130,157,2.1,26.9,339,376,6
Walking,2026-01-19 17:50:00,false,Evening Walk,2.39,294,0:32:02,93,111,0.6,4.5,23,22,2
Cycling,2026-01-11 09:04:00,false,Club Ride,21.27,521,0:51:53,133,147,2.0,24.6,311,306,4
Cycling,2026-01-10 08:35:00,false,Morning Ride,52.46,"1,072",2:10:56,146,169,3.5,24.0,492,445,10
Cycling,2026-01-09 10:37:00,false,Morning Ride,29.62,458,1:02:36,121,148,1.6,28.4,238,258,5
Cycling,2026-01-08 18:21:00,false,Lunch Ride,38.82,"1,053",1:34:42,135,159,2.5,24.6,588,565,7
Cycling,2026-01-01 13:05:00,false,Evening Ride,48.87,"1,153",1:35:18,119,133,1.7,30.8,633,552,7
Cycling,2026-01-01 06:54:00,false,Morning Ride,32.24,444,0:59:14,104,116,1.0,32.7,500,426,4
Cycling,2025-12-30 16:05:00,false,Morning Ride,36.22,"1,150",1:30:58,127,150,2.1,23.9,268,272,7
Cycling,2025-12-28 18:58:00,false,Lunch Ride,42.93,652,1:23:38,118,134,1.6,30.8,285,269,6
Running,2025-12-24 14:42:00,false,Morning Run,15.85,"1,194",1:37:25,142,171,3.0,6:09,308,299,8
Cycling,2025-12-20 12:14:00,false,Lunch Ride,64.51,"1,240",2:07:50,152,170,4.0,30.3,303,346,10
Walking,2025-12-14 14:03:00,false,Walk,2.51,289,0:34:00,102,113,0.8,4.4,9,9,2
Cycling,2025-12-11 18:45:00,false,Evening Ride,31.65,608,0:58:15,130,156,1.9,32.6,441,505,4
Cycling,2025-12-08 10:18:00,false,Club Ride,10.09,225,0:22:00,117,144,1.0,27.5,118,131,1
Cycling,2025-12-08 05:59:00,false,Evening Ride,30.03,648,1:03:45,132,161,2.0,28.3,135,132,5
Cycling,2025-12-07 10:44:00,false,Lunch Ride,40.54,723,1:35:16,150,169,3.5,25.5,348,388,7
Walking,2025-12-02 09:05:00,false,Evening Walk,4.87,505,0:59:47,96,113,0.8,4.9,48,54,4
Cycling,2025-11-28 19:37:00,false,Morning Ride,47.43,824,1:41:27,137,163,2.7,28.1,704,605,8
Walking,2025-11-19 12:00:00,false,Untitled,0.01,--,0:00:23,--,--,0.0,0.0,--,--,1
Running,2025-11-15 12:00:00,false,Untitled,0.01,--,0:00:14,--,--,0.0,0.0,--,--,1
Cycling,2025-11-15 09:48:00,false,Club Ride,31.55,557,1:07:21,125,145,1.8,28.1,499,485,5
Running,2025-11-12 13:26:00,false,Lunch Run,4.92,411,0:31:46,142,156,2.1,6:27,96,99,2
Cycling,2025-11-12 10:02:00,false,Evening Ride,23.76,573,0:47:23,112,129,1.1,30.1,153,144,3
Cycling,2025-11-10 08:23:00,false,Club Ride,26.10,691,0:58:07,136,156,2.2,26.9,396,441,4
Running,2025-11-09 07:47:00,false,Morning Run,12.71,541,1:11:14,158,170,3.7,5:36,225,238,5
Cycling,2025-11-03 17:28:00,false,Club Ride,62.85,"1,119",1:59:36,137,149,2.8,31.5,352,364,9
Cycling,2025-11-02 18:21:00,false,Morning Ride,46.84,"1,055",2:11:12,131,154,2.6,21.4,661,738,10
Cycling,2025-11-01 16:55:00,false,Evening Ride,23.58,381,0:48:22,146,168,2.6,29.2,114,106,4
Cycling,2025-10-29 13:06:00,false,Club Ride,33.13,968,1:15:35,114,127,1.4,26.3,528,515,6
Cycling,2025-10-22 13:39:00,false,Evening Ride,25.51,681,0:54:04,127,151,1.7,28.3,258,263,4
Cycling,2025-10-21 19:56:00,false,Lunch Ride,16.76,446,0:37:35,126,142,1.5,26.8,129,125,3
Cycling,2025-10-20 18:58:00,false,Morning Ride,10.62,213,0:24:39,122,148,1.2,25.8,86,89,2
Cycling,2025-10-19 17:50:00,false,Evening Ride,14.67,252,0:32:54,134,153,1.7,26.8,164,141,2
Running,2025-10-18 15:16:00,false,Morning Run,13.15,694,1:13:29,151,171,3.3,5:35,134,144,6
Running,2025-10-17 08:56:00,false,Long Run,6.22,469,0:41:06,151,181,2.7,6:37,87,91,3
Cycling,2025-10-12 10:58:00,false,Morning Ride,17.68,370,0:34:24,135,159,1.8,30.8,78,67,2
Cycling,2025-10-11 13:02:00,false,Club Ride,10.28,279,0:22:00,131,151,1.4,28.0,66,66,1
Cycling,2025-10-08 07:58:00,false,Club Ride,63.10,"1,117",1:53:15,141,158,3.0,33.4,326,319,9
Cycling,2025-10-07 10:32:00,false,Evening Ride,31.16,859,1:17:08,127,141,2.0,24.2,349,324,6
Cycling,2025-10-06 13:27:00,false,Evening Ride,58.08,"1,218",1:49:27,121,150,1.9,31.8,583,577,9
Walking,2025-10-06 05:20:00,false,Walk,3.66,478,0:51:52,92,115,0.6,4.2,19,21,4
Cycling,2025-09-29 11:17:00,false,Evening Ride,19.23,420,0:48:39,126,154,1.6,23.7,285,263,4
Running,2025-09-28 13:45:00,false,Lunch Run,14.32,795,1:18:40,141,163,2.7,5:30,182,196,6
Running,2025-09-27 05:00:00,false,Long Run,2.71,206,0:16:00,144,159,1.7,5:54,50,46,1
Cycling,2025-09-26 14:06:00,false,Morning Ride,24.40,619,1:01:47,124,146,1.7,23.7,328,314,5
Cycling,2025-09-25 06:36:00,false,Evening Ride,34.43,531,1:12:32,141,163,2.6,28.5,511,446,6
Running,2025-09-24 19:32:00,false,Evening Run,5.57,231,0:31:09,158,178,2.9,5:35,108,101,2
Running,2025-09-23 05:38:00,false,Long Run,2.89,172,0:16:00,154,171,2.1,5:33,22,23,1
Walking,2025-09-22 14:57:00,false,Evening Walk,2.89,357,0:36:10,96,108,0.7,4.8,33,39,3
Walking,2025-09-18 14:02:00,false,Walk,1.75,193,0:24:53,99,116,0.6,4.2,7,8,2
Cycling,2025-09-15 15:16:00,false,Lunch Ride,47.19,"1,256",1:49:51,116,138,1.6,25.8,668,662,9
Cycling,2025-09-15 09:31:00,false,Lunch Ride,21.96,648,0:56:01,120,147,1.5,23.5,248,256,4
Cycling,2025-09-14 05:02:00,false,Evening Ride,42.86,733,1:29:48,123,145,1.8,28.6,451,385,7
Running,2025-09-13 07:46:00,false,Lunch Run,11.89,503,1:03:25,138,151,2.4,5:20,188,163,5
Running,2025-09-11 15:08:00,false,Evening Run,12.98,768,1:10:38,151,176,3.2,5:26,87,79,5
Walking,2025-09-10 14:18:00,false,Evening Walk,3.20,524,0:41:36,104,125,0.9,4.6,8,7,3
Cycling,2025-09-09 10:07:00,false,Lunch Ride,73.39,"1,304",2:11:35,134,162,2.7,33.5,510,533,10
Cycling,2025-09-04 07:13:00,false,Lunch Ride,24.66,582,0:48:46,135,160,2.0,30.3,280,297,4
Cycling,2025-09-03 17:50:00,false,Lunch Ride,46.32,"1,060",1:30:41,133,162,2.4,30.6,361,388,7
Cycling,2025-09-02 14:42:00,false,Evening Ride,28.83,469,1:06:01,146,167,2.9,26.2,164,163,5
Cycling,2025-09-01 07:03:00,false,Morning Ride,16.12,575,0:44:28,126,149,1.6,21.8,64,72,3
Cycling,2025-08-29 18:28:00,false,Club Ride,37.72,877,1:16:19,123,145,1.7,29.7,190,188,6
Cycling,2025-08-26 16:02:00,false,Morning Ride,29.33,442,0:56:44,122,148,1.6,31.0,213,202,4
Cycling,2025-08-25 12:49:00,false,Club Ride,34.47,537,1:04:50,128,147,1.9,31.9,539,546,5
Cycling,2025-08-24 11:31:00,false,Evening Ride,30.62,658,1:16:13,108,129,1.2,24.1,336,385,6
Cycling,2025-08-23 18:28:00,false,Lunch Ride,28.94,601,1:01:21,135,156,2.2,28.3,166,163,5
Cycling,2025-08-20 07:50:00,false,Club Ride,54.21,938,1:53:51,127,150,2.2,28.6,260,238,9
Cycling,2025-08-19 08:01:00,false,Morning Ride,36.26,590,1:17:23,124,138,1.8,28.1,397,347,6
Cycling,2025-08-17 08:38:00,false,Morning Ride,47.38,"1,383",1:54:52,138,154,2.9,24.7,756,846,9
Running,2025-08-15 10:39:00,false,Lunch Run,5.90,298,0:34:36,131,159,1.7,5:52,37,41,2
Hiking,2025-08-13 16:37:00,false,Hike,5.29,625,1:21:55,102,130,1.0,3.9,292,256,6
Cycling,2025-08-13 11:16:00,false,Lunch Ride,37.95,920,1:25:29,117,142,1.6,26.6,553,499,7
Cycling,2025-08-12 19:08:00,false,Lunch Ride,17.55,277,0:36:51,144,166,2.3,28.6,178,156,3
Running,2025-08-11 07:26:00,false,Lunch Run,9.53,456,0:56:20,150,163,2.9,5:55,64,65,4
Running,2025-08-10 08:48:00,false,Evening Run,9.20,551,0:47:27,160,173,3.4,5:09,193,172,3
Running,2025-08-09 08:30:00,false,Morning Run,6.79,298,0:39:20,145,158,2.4,5:48,57,55,3
Running,2025-08-08 13:28:00,false,Evening Run,2.58,146,0:16:00,156,186,2.2,6:12,55,59,1
Cycling,2025-08-07 13:17:00,false,Club Ride,29.20,694,1:01:08,119,131,1.5,28.7,271,297,5
Cycling,2025-08-06 15:52:00,false,Morning Ride,33.60,744,1:08:19,153,181,3.3,29.5,139,142,5
Cycling,2025-08-03 19:30:00,false,Club Ride,29.64,841,1:24:45,145,163,3.0,21.0,433,417,7
Running,2025-08-03 14:10:00,false,Morning Run,4.12,231,0:27:04,158,185,2.8,6:34,52,55,2
Cycling,2025-08-02 15:35:00,false,Lunch Ride,50.60,869,1:50:35,134,157,2.6,27.5,707,748,9
Hiking,2025-08-02 06:47:00,false,Hike,9.54,906,2:00:27,131,144,2.5,4.8,664,626,10
Cycling,2025-08-01 18:22:00,false,Evening Ride,40.86,705,1:32:14,138,158,2.7,26.6,578,607,7
Cycling,2025-07-29 19:12:00,false,Morning Ride,34.41,863,1:20:38,132,154,2.2,25.6,421,442,6
Running,2025-07-26 11:31:00,false,Morning Run,6.63,466,0:36:01,158,187,3.0,5:26,72,62,3
Cycling,2025-07-25 08:32:00,false,Lunch Ride,44.04,986,1:38:27,122,146,1.9,26.8,553,478,8
Running,2025-07-24 16:13:00,false,Long Run,5.61,319,0:34:44,146,175,2.3,6:11,43,38,2
Running,2025-07-23 08:28:00,false,Long Run,9.89,784,1:02:58,146,169,2.8,6:22,198,178,5
Cycling,2025-07-22 13:27:00,false,Morning Ride,30.76,523,1:10:20,112,136,1.3,26.2,235,264,5
Running,2025-07-20 16:10:00,false,Lunch Run,7.39,559,0:45:40,153,180,2.9,6:11,134,127,3
Cycling,2025-07-20 07:27:00,false,Morning Ride,12.10,298,0:31:27,132,154,1.7,23.1,94,108,2
Walking,2025-07-19 12:00:00,false,Untitled,0.01,--,0:00:57,--,--,0.0,0.0,--,--,1
Cycling,2025-07-18 17:54:00,false,Evening Ride,31.04,759,1:09:11,143,170,2.7,26.9,131,147,5
Hiking,2025-07-17 12:37:00,false,Hike,8.69,"1,243",2:16:30,96,124,1.0,3.8,493,518,11
Running,2025-07-12 11:51:00,false,Lunch Run,11.16,813,1:10:55,139,168,2.5,6:21,164,143,5
Cycling,2025-07-11 11:10:00,false,Evening Ride,30.84,799,1:11:13,117,143,1.5,26.0,379,328,5
Cycling,2025-07-10 16:30:00,false,Morning Ride,42.18,861,1:19:47,131,157,2.2,31.7,445,387,6
Cycling,2025-07-08 18:29:00,false,Lunch Ride,38.59,721,1:17:45,111,124,1.3,29.8,522,592,6
Cycling,2025-07-07 10:49:00,false,Lunch Ride,35.20,"1,036",1:21:35,151,164,3.4,25.9,419,370,6
Cycling,2025-07-05 11:15:00,false,Morning Ride,54.89,953,1:41:52,142,167,3.0,32.3,573,557,8
Walking,2025-07-03 05:22:00,false,Walk,3.61,396,0:47:19,96,120,0.7,4.6,14,16,3
Cycling,2025-07-01 18:14:00,false,Lunch Ride,10.52,226,0:22:00,127,154,1.3,28.7,101,116,1
Cycling,2025-07-01 05:13:00,false,Evening Ride,49.41,926,1:43:44,143,170,3.1,28.6,408,388,8
Cycling,2025-06-30 09:03:00,false,Morning Ride,9.38,175,0:22:00,124,142,1.2,25.6,89,102,1
Cycling,2025-06-27 18:52:00,false,Evening Ride,18.16,428,0:37:27,139,168,2.0,29.1,145,160,3
Walking,2025-05-23 12:00:00,false,Untitled,0.01,--,0:00:49,--,--,0.0,0.0,--,--,1
Cycling,2025-04-14 12:00:00,false,Untitled,0.01,--,0:00:13,--,--,0.0,0.0,--,--,1
Cycling,2025-03-29 16:31:00,false,Morning Ride,34.42,782,1:18:37,135,150,2.3,26.3,174,152,6
Cycling,2025-03-28 13:56:00,false,Lunch Ride,17.42,423,0:39:07,136,163,2.0,26.7,254,220,3
Walking,2025-03-27 18:32:00,false,Walk,3.54,457,0:48:38,89,114,0.6,4.4,8,8,4
Running,2025-03-27 13:39:00,false,Evening Run,15.91,990,1:28:41,158,176,4.0,5:34,90,98,7
Cycling,2025-03-26 16:18:00,false,Lunch Ride,22.57,464,0:55:09,124,151,1.6,24.6,284,261,4
Running,2025-03-25 10:12:00,false,Morning Run,10.96,566,1:05:55,150,171,3.1,6:01,72,70,5
Running,2025-03-21 09:18:00,false,Evening Run,9.40,620,0:54:58,161,177,3.6,5:51,58,65,4
Cycling,2025-03-19 18:27:00,false,Morning Ride,66.90,"1,241",2:13:07,117,138,1.8,30.2,1031,1177,11
Cycling,2025-03-18 14:38:00,false,Club Ride,34.12,573,1:13:01,118,133,1.5,28.0,137,137,6
Cycling,2025-03-18 09:19:00,false,Lunch Ride,16.18,439,0:34:17,140,160,2.0,28.3,197,181,2
Running,2025-03-16 14:12:00,false,Long Run,7.29,531,0:43:12,153,179,2.9,5:56,53,51,3
Running,2025-03-14 10:51:00,false,Lunch Run,9.01,428,0:49:46,149,162,2.8,5:31,70,64,4
Running,2025-03-13 14:19:00,false,Long Run,7.85,530,0:50:28,149,178,2.8,6:26,148,136,4
Cycling,2025-03-13 12:59:00,false,Evening Ride,9.96,272,0:22:00,146,175,2.0,27.2,119,120,1
Running,2025-03-06 11:19:00,false,Long Run,3.11,190,0:19:32,160,173,2.6,6:16,53,55,1
Cycling,2025-03-04 06:34:00,false,Morning Ride,37.35,683,1:17:40,146,166,3.0,28.9,414,471,6
Cycling,2025-03-03 05:08:00,false,Lunch Ride,14.42,359,0:30:30,130,158,1.6,28.4,111,117,2
Running,2025-02-24 19:26:00,false,Long Run,8.52,607,0:48:53,131,155,1.9,5:44,140,121,4
Cycling,2025-02-10 14:19:00,false,Lunch Ride,39.73,736,1:20:16,139,159,2.6,29.7,287,329,6
Running,2025-02-08 15:57:00,false,Lunch Run,8.22,566,0:47:58,141,170,2.3,5:50,164,148,3
Walking,2025-02-06 05:48:00,false,Walk,4.03,312,0:44:15,84,101,0.5,5.5,20,18,3
Running,2025-02-01 10:37:00,false,Evening Run,8.82,481,0:50:08,156,183,3.2,5:41,117,127,4
Running,2025-01-31 06:31:00,false,Lunch Run,3.06,143,0:16:00,154,184,2.1,5:14,64,64,1
Cycling,2025-01-29 12:45:00,false,Club Ride,27.52,630,0:52:17,136,164,2.1,31.6,440,398,4
Cycling,2025-01-22 16:35:00,false,Evening Ride,40.49,"1,097",1:34:42,144,171,3.1,25.7,619,558,7
Cycling,2025-01-22 07:48:00,false,Lunch Ride,42.51,"1,055",1:26:45,148,171,3.3,29.4,218,215,7
Cycling,2025-01-20 10:14:00,false,Lunch Ride,31.21,670,1:02:45,129,158,1.9,29.8,215,201,5
Walking,2025-01-20 08:57:00,false,Walk,3.58,326,0:38:22,114,126,1.1,5.6,22,20,3
Cycling,2025-01-19 06:21:00,false,Morning Ride,24.00,559,0:46:28,144,161,2.5,31.0,109,113,3
Cycling,2025-01-13 07:47:00,false,Morning Ride,30.00,676,1:09:26,143,154,2.7,25.9,355,315,5
Running,2025-01-05 06:29:00,false,Lunch Run,7.82,509,0:44:16,138,156,2.1,5:39,56,48,3
Cycling,2025-01-03 07:13:00,false,Lunch Ride,10.08,286,0:22:49,145,157,2.0,26.5,102,90,1
Cycling,2025-01-01 06:13:00,false,Club Ride,12.55,303,0:25:03,133,155,1.6,30.1,58,57,2
Cycling,2024-12-29 14:28:00,false,Evening Ride,23.17,565,0:50:32,62,75,0.4,27.5,221,200,4
Running,2024-12-28 16:12:00,false,Evening Run,11.18,897,1:10:17,147,168,3.0,6:17,231,253,5
Running,2024-12-28 12:00:00,false,Untitled,0.01,--,0:00:03,--,--,0.0,0.0,--,--,1
Hiking,2024-12-26 14:22:00,false,Hike,14.97,"2,387",3:11:04,88,98,0.9,4.7,971,918,15
Cycling,2024-12-16 19:49:00,false,Evening Ride,36.52,851,1:11:50,62,75,0.4,30.5,279,254,5
Cycling,2024-12-12 08:19:00,false,Lunch Ride,33.69,781,1:07:22,66,75,0.4,30.0,299,316,5
Cycling,2024-12-05 19:10:00,false,Club Ride,23.07,728,0:59:55,72,83,0.4,23.1,322,345,4
Cycling,2024-12-03 09:07:00,false,Lunch Ride,83.85,"1,714",2:27:02,73,78,0.4,34.2,750,768,12
Cycling,2024-12-02 06:42:00,false,Lunch Ride,32.08,744,1:06:40,72,79,0.4,28.9,322,322,5
Running,2024-11-30 18:37:00,false,Morning Run,4.71,191,0:24:32,64,69,0.4,5:12,78,69,2
Running,2024-11-27 16:57:00,false,Long Run,8.90,435,0:52:07,81,94,0.4,5:51,141,134,4
Cycling,2024-11-26 13:12:00,false,Club Ride,41.28,713,1:22:49,81,90,0.5,29.9,462,401,6
Walking,2024-11-24 05:44:00,false,Walk,2.77,312,0:28:02,108,130,0.9,5.9,8,8,2
Hiking,2024-11-19 12:51:00,false,Hike,11.72,"1,837",2:47:34,73,83,0.4,4.2,386,402,13
Hiking,2024-11-16 15:52:00,false,Hike,9.83,"1,473",2:18:53,70,74,0.4,4.2,895,899,11
Running,2024-11-14 08:03:00,false,Morning Run,7.14,461,0:38:16,140,169,2.1,5:22,89,82,3
Cycling,2024-11-12 18:22:00,false,Lunch Ride,56.72,"1,159",1:54:28,87,96,0.7,29.7,689,676,9
Cycling,2024-11-07 17:07:00,false,Evening Ride,59.55,"1,371",1:52:17,69,79,0.4,31.8,691,641,9
Walking,2024-10-28 13:51:00,false,Evening Walk,3.81,579,0:47:04,89,100,0.5,4.9,13,12,3
Cycling,2024-10-25 08:20:00,false,Club Ride,47.52,935,1:31:08,91,103,0.7,31.3,442,505,7
Running,2024-10-24 16:25:00,false,Morning Run,8.01,429,0:48:04,70,84,0.4,6:00,45,50,4
Running,2024-10-23 19:20:00,false,Lunch Run,11.45,759,1:03:26,62,73,0.4,5:32,170,187,5
Running,2024-10-17 19:51:00,false,Long Run,14.19,"1,069",1:23:20,85,94,0.6,5:52,245,224,6
Cycling,2024-10-14 19:51:00,false,Club Ride,57.57,"1,191",1:52:04,85,93,0.6,30.8,314,335,9
Running,2024-10-09 12:10:00,false,Morning Run,4.61,332,0:26:46,134,152,1.7,5:49,46,47,2
Cycling,2024-10-07 06:43:00,false,Lunch Ride,38.40,962,1:19:41,62,71,0.4,28.9,577,624,6
Cycling,2024-10-06 17:46:00,false,Morning Ride,68.58,"1,625",2:37:44,67,74,0.4,26.1,837,859,13
Running,2024-10-05 10:40:00,false,Evening Run,10.40,646,1:00:29,71,76,0.4,5:49,95,97,5
Cycling,2024-10-03 13:36:00,false,Evening Ride,51.73,"1,277",1:43:38,63,74,0.4,30.0,286,273,8
Cycling,2024-10-03 08:53:00,false,Lunch Ride,22.85,337,0:45:24,137,149,2.1,30.2,94,80,3
Running,2024-09-29 08:59:00,false,Evening Run,13.41,541,1:16:30,67,75,0.4,5:42,212,206,6
Running,2024-09-28 06:47:00,false,Morning Run,8.30,552,0:43:24,68,75,0.4,5:14,144,152,3
Cycling,2024-09-27 12:18:00,false,Evening Ride,46.96,784,1:31:51,64,75,0.4,30.7,197,172,7
Cycling,2024-09-27 07:23:00,false,Evening Ride,41.35,"1,036",1:28:03,80,87,0.5,28.2,608,552,7
Running,2024-09-26 07:52:00,false,Evening Run,3.22,259,0:21:17,73,78,0.4,6:36,48,49,1
Cycling,2024-09-25 15:59:00,false,Evening Ride,47.64,"1,353",1:52:43,68,75,0.4,25.4,296,297,9
Walking,2024-09-21 11:01:00,false,Evening Walk,2.78,242,0:30:52,68,78,0.4,5.4,30,28,2
Walking,2024-09-20 05:47:00,false,Evening Walk,6.62,906,1:22:50,64,72,0.4,4.8,37,42,6
Cycling,2024-09-19 13:32:00,false,Morning Ride,51.74,"1,045",1:44:19,80,93,0.5,29.8,258,227,8
Cycling,2024-09-16 15:29:00,false,Evening Ride,22.27,459,0:56:47,69,76,0.4,23.5,304,259,4
Running,2024-09-15 12:00:00,false,Lunch Run,8.42,430,0:51:12,63,69,0.4,6:05,172,176,4
Cycling,2024-09-10 18:06:00,false,Lunch Ride,27.85,831,1:11:21,66,72,0.4,23.4,366,365,5
Cycling,2024-09-07 11:51:00,false,Club Ride,8.72,266,0:22:00,90,94,0.4,23.8,94,96,1
Cycling,2024-09-06 15:04:00,false,Club Ride,54.16,"1,285",1:41:09,63,69,0.4,32.1,359,367,8
Cycling,2024-09-05 15:54:00,false,Evening Ride,44.66,800,1:30:53,80,86,0.5,29.5,255,265,7
Walking,2024-09-04 15:19:00,false,Evening Walk,5.22,344,0:45:43,90,99,0.6,6.8,46,49,3
Hiking,2024-09-03 19:40:00,false,Hike,10.23,"1,815",2:35:11,91,99,0.9,4.0,330,344,12
Running,2024-09-02 18:26:00,false,Long Run,8.58,375,0:43:29,74,86,0.4,5:04,110,109,3
Cycling,2024-09-02 14:42:00,false,Club Ride,21.90,432,0:39:14,140,159,2.1,33.5,214,230,3
Running,2024-08-31 07:06:00,false,Evening Run,6.31,454,0:37:23,62,74,0.4,5:56,80,81,3
Cycling,2024-08-30 15:44:00,false,Club Ride,27.85,626,0:58:46,132,154,2.0,28.4,135,129,4
Cycling,2024-08-28 06:00:00,false,Lunch Ride,43.17,"1,303",1:46:45,133,158,2.5,24.3,500,561,8
Running,2024-08-27 16:59:00,false,Long Run,6.06,420,0:36:27,74,84,0.4,6:01,116,115,3
Cycling,2024-08-27 05:22:00,false,Lunch Ride,29.04,587,1:03:51,68,76,0.4,27.3,385,353,5
Running,2024-08-26 14:58:00,false,Evening Run,8.78,585,0:45:18,76,89,0.4,5:10,154,155,3
Cycling,2024-08-25 10:17:00,false,Club Ride,47.46,726,1:33:24,122,140,1.8,30.5,196,222,7
Walking,2024-08-24 10:43:00,false,Walk,3.35,300,0:38:46,80,85,0.4,5.2,11,11,3
Cycling,2024-08-23 17:59:00,false,Lunch Ride,28.55,634,1:01:00,75,85,0.4,28.1,288,263,5
Cycling,2024-08-23 07:11:00,false,Lunch Ride,39.60,734,1:16:39,63,69,0.4,31.0,248,230,6
Cycling,2024-08-22 12:24:00,false,Morning Ride,61.43,"1,215",1:57:12,124,140,2.1,31.4,266,230,9
Running,2024-08-19 12:53:00,false,Lunch Run,7.39,512,0:43:12,74,88,0.4,5:51,56,62,3
Running,2024-08-18 13:20:00,false,Long Run,6.29,289,0:38:57,143,165,2.3,6:12,53,47,3
Running,2024-08-17 08:35:00,false,Long Run,7.33,476,0:39:16,78,84,0.4,5:21,157,152,3
Running,2024-08-16 05:12:00,false,Morning Run,5.93,359,0:39:53,127,146,1.6,6:44,48,52,3
Running,2024-08-13 12:29:00,false,Lunch Run,9.04,507,0:49:33,149,167,2.8,5:29,92,83,4
Cycling,2024-08-12 18:16:00,false,Morning Ride,10.03,262,0:22:00,65,79,0.4,27.4,129,134,1
Cycling,2024-08-12 15:44:00,false,Club Ride,64.68,"1,095",2:13:48,90,103,0.8,29.0,713,663,11
Cycling,2024-08-09 10:12:00,false,Evening Ride,43.85,"1,029",1:32:56,73,78,0.4,28.3,299,307,7
Cycling,2024-08-09 05:18:00,false,Club Ride,34.80,885,1:17:26,72,85,0.4,27.0,462,449,6
Hiking,2024-08-08 14:10:00,false,Hike,12.29,"1,628",2:27:15,91,103,0.9,5.0,1153,987,12
Walking,2024-08-06 08:22:00,false,Walk,5.14,426,0:59:05,63,70,0.4,5.2,44,38,4
Walking,2024-08-05 12:24:00,false,Evening Walk,3.83,448,0:45:12,90,99,0.6,5.1,35,31,3
Cycling,2024-08-03 11:20:00,false,Lunch Ride,54.84,921,2:00:26,90,94,0.8,27.3,370,347,10
Hiking,2024-07-30 05:13:00,false,Hike,9.27,"1,534",2:24:30,73,80,0.4,3.8,694,655,12
Cycling,2024-07-29 06:18:00,false,Morning Ride,13.25,340,0:28:36,75,79,0.4,27.8,134,151,2
Running,2024-07-27 06:33:00,false,Evening Run,16.84,979,1:26:56,83,89,0.5,5:10,327,359,7
Cycling,2024-07-25 17:33:00,false,Lunch Ride,68.09,"1,387",2:14:21,129,142,2.4,30.4,861,807,11
Cycling,2024-07-23 12:28:00,false,Morning Ride,36.67,"1,198",1:32:23,121,136,1.8,23.8,453,416,7
Cycling,2024-07-22 08:54:00,false,Evening Ride,33.43,782,1:02:24,81,90,0.5,32.1,533,564,5
Cycling,2024-07-21 11:08:00,false,Morning Ride,42.97,668,1:30:02,71,79,0.4,28.6,560,603,7
Cycling,2024-07-21 06:28:00,false,Evening Ride,15.18,317,0:31:44,78,91,0.4,28.7,233,209,2
Cycling,2024-07-20 07:41:00,false,Evening Ride,47.56,801,1:31:15,81,91,0.5,31.3,660,565,7
Running,2024-07-19 13:03:00,false,Long Run,13.77,726,1:16:01,75,86,0.4,5:31,134,122,6
Walking,2024-07-18 19:34:00,false,Walk,2.26,243,0:24:16,65,74,0.4,5.6,21,22,2
Walking,2024-07-17 13:23:00,false,Evening Walk,2.76,258,0:33:08,101,121,0.7,5.0,29,26,2
Running,2024-07-17 11:16:00,false,Evening Run,3.64,177,0:21:52,90,97,0.5,6:00,41,39,1
Running,2024-07-16 18:52:00,false,Evening Run,19.65,"1,146",1:38:17,73,80,0.4,5:00,149,157,8
Cycling,2024-07-15 05:51:00,false,Morning Ride,47.62,993,1:35:39,73,85,0.4,29.9,679,602,7
Running,2024-07-14 08:27:00,false,Long Run,5.74,400,0:35:18,137,164,1.9,6:09,88,100,2
Hiking,2024-07-13 16:34:00,false,Hike,8.65,"1,753",2:28:02,68,76,0.4,3.5,348,299,12
Cycling,2024-07-12 05:11:00,false,Club Ride,41.40,719,1:19:03,84,98,0.6,31.4,182,196,6
Cycling,2024-07-10 15:29:00,false,Evening Ride,38.23,"1,019",1:22:37,83,90,0.5,27.8,329,328,6
Cycling,2024-07-09 19:39:00,false,Morning Ride,37.61,900,1:18:52,78,86,0.4,28.6,489,462,6
Cycling,2024-07-07 19:54:00,false,Evening Ride,10.09,218,0:22:00,83,88,0.4,27.5,130,147,1
Cycling,2024-07-06 15:55:00,false,Evening Ride,73.54,"1,953",2:35:19,127,150,2.4,28.4,393,421,12
Cycling,2024-07-05 08:31:00,false,Morning Ride,60.14,"1,241",2:05:17,141,156,3.1,28.8,513,500,10
Walking,2024-07-04 06:30:00,false,Evening Walk,5.69,513,0:54:47,71,85,0.4,6.2,51,50,4
Walking,2024-07-03 07:36:00,false,Walk,5.02,407,0:51:12,84,90,0.5,5.9,41,45,4
Running,2024-07-02 19:19:00,false,Long Run,11.98,668,1:11:07,66,75,0.4,5:56,59,68,5
Hiking,2024-06-30 19:50:00,false,Hike,4.69,543,1:01:14,76,83,0.4,4.6,332,363,5
Walking,2024-06-28 16:17:00,false,Evening Walk,4.51,413,0:57:48,67,72,0.4,4.7,15,15,4
Running,2024-06-27 10:44:00,false,Long Run,11.62,820,1:09:40,150,168,3.1,6:00,212,241,5
Hiking,2024-06-26 10:07:00,false,Hike,10.51,"2,022",2:37:21,78,89,0.6,4.0,843,847,13
Running,2024-06-26 09:01:00,false,Evening Run,4.88,251,0:26:41,143,156,2.0,5:28,67,67,2
Hiking,2024-06-25 09:18:00,false,Hike,6.34,"1,017",1:43:05,129,145,2.2,3.7,540,584,8
Cycling,2024-06-24 06:33:00,false,Evening Ride,16.03,278,0:34:47,89,100,0.5,27.6,163,157,2
Walking,2024-06-22 16:25:00,false,Evening Walk,5.76,578,0:59:06,87,99,0.6,5.8,62,59,4
Cycling,2024-06-18 06:11:00,false,Club Ride,41.11,751,1:23:51,71,77,0.4,29.4,219,190,6
Cycling,2024-06-15 07:27:00,false,Lunch Ride,40.48,849,1:13:17,84,97,0.5,33.1,162,173,6
Cycling,2024-06-14 08:39:00,false,Lunch Ride,14.67,256,0:30:03,76,89,0.4,29.3,93,89,2
Cycling,2024-06-13 06:54:00,false,Lunch Ride,68.75,"1,539",2:22:10,133,145,2.7,29.0,780,784,11
Cycling,2024-06-11 15:01:00,false,Club Ride,62.19,901,2:00:18,82,87,0.6,31.0,988,1102,10
Cycling,2024-06-08 15:30:00,false,Lunch Ride,49.60,"1,167",1:44:52,136,164,2.7,28.4,594,662,8
Cycling,2024-06-07 13:13:00,false,Evening Ride,14.73,307,0:35:17,76,87,0.4,25.1,168,146,2
Cycling,2024-06-05 16:43:00,false,Lunch Ride,49.17,831,1:41:32,63,68,0.4,29.1,750,642,8
Cycling,2024-06-04 11:42:00,false,Morning Ride,52.84,"1,285",1:40:08,76,86,0.4,31.7,766,821,8
Cycling,2024-06-02 09:28:00,false,Club Ride,22.33,505,0:51:28,143,164,2.5,26.0,181,205,4
Running,2024-06-01 18:37:00,false,Evening Run,9.61,591,1:01:04,65,72,0.4,6:21,135,155,5
Running,2024-06-01 17:13:00,false,Lunch Run,2.85,179,0:16:00,143,158,1.7,5:37,35,39,1
Cycling,2024-05-30 18:11:00,false,Lunch Ride,34.29,532,1:13:51,63,75,0.4,27.9,286,272,6
Cycling,2024-05-28 12:57:00,false,Evening Ride,47.49,823,1:48:32,70,79,0.4,26.3,336,351,9
Walking,2024-05-27 16:25:00,false,Walk,3.45,564,0:46:30,82,93,0.4,4.5,34,38,3
Hiking,2024-05-26 14:04:00,false,Hike,4.90,"1,002",1:23:58,74,86,0.4,3.5,369,414,6
Cycling,2024-05-25 14:22:00,false,Morning Ride,25.08,489,0:50:06,125,137,1.6,30.0,298,329,4
Cycling,2024-05-24 11:46:00,false,Lunch Ride,24.28,580,0:47:57,84,94,0.5,30.4,157,156,3
Cycling,2024-05-22 16:43:00,false,Evening Ride,42.18,930,1:22:47,80,85,0.5,30.6,532,581,6
Running,2024-05-19 06:05:00,false,Lunch Run,9.56,453,0:51:38,69,76,0.4,5:24,180,192,4
Running,2024-05-17 15:47:00,false,Evening Run,6.77,359,0:40:10,75,83,0.4,5:56,131,126,3
Running,2024-05-13 18:31:00,false,Lunch Run,2.63,189,0:16:00,62,67,0.4,6:05,34,34,1
Cycling,2024-05-12 13:40:00,false,Morning Ride,52.23,"1,137",1:40:26,73,83,0.4,31.2,725,779,8
Hiking,2024-05-11 11:31:00,false,Hike,10.84,"1,249",2:45:04,80,87,0.6,3.9,649,605,13
Cycling,2024-05-10 13:08:00,false,Morning Ride,68.23,"1,363",2:16:12,88,98,0.7,30.1,605,514,11
Running,2024-05-09 12:05:00,false,Evening Run,2.67,153,0:16:00,91,99,0.4,5:59,33,37,1
Cycling,2024-05-08 17:06:00,false,Evening Ride,29.33,563,1:00:52,86,99,0.5,28.9,276,242,5
Running,2024-05-07 15:33:00,false,Evening Run,4.49,247,0:24:28,75,80,0.4,5:27,35,39,2
Running,2024-05-05 11:30:00,false,Long Run,5.00,251,0:21:59,175,182,3.5,4:24,134,145,1
Running,2024-05-03 14:53:00,false,Long Run,8.87,403,0:50:48,149,164,2.8,5:44,90,81,4
Hiking,2024-05-02 15:26:00,false,Hike,7.29,741,1:44:22,83,96,0.6,4.2,305,290,8
Walking,2024-05-01 11:23:00,false,Evening Walk,3.33,346,0:37:15,90,103,0.5,5.4,37,39,3
Walking,2024-04-28 18:42:00,false,Walk,4.46,515,0:41:16,100,123,0.8,6.5,9,9,3
Running,2024-04-25 17:59:00,false,Lunch Run,3.91,280,0:22:44,144,172,2.0,5:49,80,87,1
Cycling,2024-04-24 10:13:00,false,Lunch Ride,79.32,"1,649",2:27:22,79,87,0.6,32.3,1253,1182,12
Cycling,2024-04-22 05:57:00,false,Lunch Ride,59.46,"1,379",1:57:50,70,77,0.4,30.3,666,580,9
Cycling,2024-04-15 18:15:00,false,Lunch Ride,50.57,"1,069",1:42:49,69,75,0.4,29.5,786,798,8
Running,2024-04-14 16:17:00,false,Long Run,16.12,905,1:24:23,68,80,0.4,5:14,155,133,7
Running,2024-04-12 13:57:00,false,Long Run,12.56,865,1:11:53,75,82,0.4,5:43,248,230,5
Walking,2024-04-08 14:35:00,false,Evening Walk,2.89,332,0:32:04,92,112,0.5,5.4,25,28,2
Cycling,2024-04-06 18:07:00,false,Lunch Ride,21.05,495,0:46:35,76,88,0.4,27.1,132,134,3
Running,2024-04-05 12:00:00,false,Untitled,0.01,--,0:00:81,--,--,0.0,0.0,--,--,1
Cycling,2024-04-04 18:41:00,false,Morning Ride,40.42,"1,029",1:21:44,87,93,0.6,29.7,378,388,6
Cycling,2024-04-02 12:00:00,false,Untitled,0.01,--,0:00:109,--,--,0.0,0.0,--,--,1
Running,2024-03-31 13:34:00,false,Lunch Run,3.38,220,0:18:17,72,79,0.4,5:25,69,63,1
Hiking,2024-03-27 06:13:00,false,Hike,7.67,"1,084",1:28:25,69,82,0.4,5.2,450,419,7
Cycling,2024-03-23 16:33:00,false,Lunch Ride,43.67,"1,208",1:35:11,68,75,0.4,27.5,671,624,7
Running,2024-03-22 13:49:00,false,Morning Run,9.72,749,0:58:07,62,67,0.4,5:59,197,186,4
Cycling,2024-03-22 05:23:00,false,Evening Ride,40.14,658,1:11:14,112,135,1.3,33.8,537,515,5
Running,2024-03-21 12:56:00,false,Evening Run,9.11,510,0:55:55,89,95,0.6,6:08,187,162,4
Cycling,2024-03-20 07:41:00,false,Morning Ride,66.99,"1,517",2:05:39,129,150,2.4,32.0,344,320,10
Cycling,2024-03-17 16:25:00,false,Evening Ride,18.49,372,0:33:57,89,101,0.5,32.7,87,90,2
Cycling,2024-03-16 11:38:00,false,Club Ride,10.15,204,0:22:00,71,77,0.4,27.7,121,113,1
Walking,2024-03-15 15:15:00,false,Evening Walk,4.87,425,0:52:38,81,90,0.4,5.6,50,49,4
Walking,2024-03-15 13:06:00,false,Evening Walk,3.80,462,0:44:51,91,105,0.6,5.1,41,43,3
Cycling,2024-03-13 18:24:00,false,Club Ride,30.56,705,1:08:57,67,79,0.4,26.6,130,129,5
Cycling,2024-03-10 18:44:00,false,Club Ride,37.22,753,1:13:15,67,74,0.4,30.5,197,185,6
Cycling,2024-03-07 15:50:00,false,Morning Ride,76.23,"1,578",2:15:24,110,137,1.5,33.8,926,862,11
Cycling,2024-03-06 13:16:00,false,Evening Ride,38.81,885,1:14:04,85,89,0.6,31.4,315,291,6
Cycling,2024-03-05 08:06:00,false,Lunch Ride,39.22,770,1:21:51,71,76,0.4,28.8,566,588,6
Cycling,2024-03-01 10:35:00,false,Evening Ride,22.04,472,0:42:56,62,71,0.4,30.8,248,227,3
Running,2024-02-28 05:00:00,false,Lunch Run,20.54,"1,114",1:43:06,81,88,0.5,5:01,409,433,8
Cycling,2024-02-26 09:18:00,false,Evening Ride,65.90,"1,371",1:58:05,75,87,0.4,33.5,1051,1026,9
Cycling,2024-02-22 15:24:00,false,Morning Ride,21.75,340,0:44:57,80,90,0.4,29.0,184,176,3
Cycling,2024-02-21 10:40:00,false,Morning Ride,17.55,405,0:33:49,136,160,1.9,31.1,241,247,2
Cycling,2024-02-13 11:52:00,false,Evening Ride,24.62,622,0:53:28,83,89,0.5,27.6,216,223,4
Cycling,2024-02-11 15:36:00,false,Lunch Ride,59.80,804,1:45:27,90,97,0.7,34.0,676,714,8
Running,2024-02-09 17:16:00,false,Long Run,2.76,146,0:16:00,74,84,0.4,5:47,59,53,1
Walking,2024-02-08 10:57:00,false,Evening Walk,0.88,104,0:12:00,101,124,0.5,4.4,7,7,1
Running,2024-02-07 13:16:00,false,Morning Run,5.83,261,0:34:02,149,162,2.5,5:50,50,44,2
Running,2024-02-05 18:38:00,false,Evening Run,7.95,374,0:43:09,76,84,0.4,5:26,78,88,3
Cycling,2024-02-01 17:45:00,false,Morning Ride,56.59,"1,194",1:59:56,77,88,0.5,28.3,716,699,9
Cycling,2024-01-29 14:13:00,false,Club Ride,43.79,677,1:23:19,81,91,0.5,31.5,226,216,6
Cycling,2024-01-25 07:33:00,false,Club Ride,10.20,272,0:22:00,124,138,1.2,27.8,61,54,1
Hiking,2024-01-22 19:40:00,false,Hike,8.38,"1,223",1:57:24,88,99,0.7,4.3,696,604,9
Cycling,2024-01-21 17:35:00,false,Morning Ride,64.03,"1,131",2:01:08,65,74,0.4,31.7,712,758,10
Cycling,2024-01-17 07:41:00,false,Morning Ride,12.07,198,0:22:00,81,85,0.4,32.9,181,162,1
Cycling,2024-01-16 13:50:00,false,Lunch Ride,47.86,883,1:25:09,65,71,0.4,33.7,580,496,7
Running,2024-01-13 09:43:00,false,Lunch Run,11.86,585,1:07:20,91,103,0.7,5:41,126,114,5
Cycling,2024-01-06 06:41:00,false,Lunch Ride,27.42,715,1:06:37,74,86,0.4,24.7,345,355,5
Cycling,2024-01-01 13:53:00,false,Club Ride,33.31,600,1:08:20,63,74,0.4,29.2,178,188,5
Cycling,2023-12-31 15:54:00,false,Lunch Ride,35.14,984,1:19:07,136,155,2.4,26.7,487,455,6
Cycling,2023-12-30 11:25:00,false,Lunch Ride,30.49,953,1:13:49,117,136,1.5,24.8,427,427,6
Running,2023-12-28 09:16:00,false,Evening Run,14.16,624,1:17:14,121,143,1.7,5:27,303,289,6
Cycling,2023-12-27 18:40:00,false,Evening Ride,67.54,"1,209",2:27:24,143,166,3.5,27.5,768,671,12
Cycling,2023-12-26 12:40:00,false,Morning Ride,37.37,773,1:10:34,139,162,2.5,31.8,313,349,5
Hiking,2023-12-25 18:30:00,false,Hike,10.56,"1,244",2:38:42,130,150,2.6,4.0,464,532,13
Running,2023-12-25 17:16:00,false,Evening Run,10.33,469,0:56:23,131,154,1.9,5:27,155,176,4
Cycling,2023-12-21 19:46:00,false,Morning Ride,40.84,767,1:29:31,97,124,0.9,27.4,280,252,7
Cycling,2023-12-19 09:39:00,false,Evening Ride,63.97,"1,118",2:04:24,130,147,2.4,30.9,742,637,10
Cycling,2023-12-16 10:00:00,false,Lunch Ride,27.13,561,0:54:40,129,142,1.8,29.8,283,262,4
Running,2023-12-11 13:27:00,false,Morning Run,14.08,754,1:07:36,146,161,2.9,4:48,196,210,5
Cycling,2023-12-10 08:03:00,false,Evening Ride,38.99,709,1:20:58,129,143,2.1,28.9,512,513,6
Cycling,2023-12-05 10:39:00,false,Club Ride,34.23,693,1:16:58,106,127,1.1,26.7,484,433,6
Cycling,2023-12-05 08:50:00,false,Club Ride,10.41,254,0:22:00,128,153,1.3,28.4,158,181,1
Cycling,2023-12-04 19:17:00,false,Evening Ride,27.71,489,0:50:58,134,148,2.0,32.6,118,132,4
Cycling,2023-12-04 11:10:00,false,Evening Ride,73.82,"1,762",2:17:06,137,166,2.9,32.3,635,638,11
Cycling,2023-12-02 11:14:00,false,Evening Ride,9.97,224,0:22:00,136,165,1.6,27.2,158,171,1
Cycling,2023-11-30 16:04:00,false,Lunch Ride,11.17,220,0:23:31,132,153,1.5,28.5,105,104,1
Cycling,2023-11-27 17:28:00,false,Club Ride,15.71,292,0:26:52,134,151,1.6,35.1,189,183,2
Cycling,2023-11-25 17:35:00,false,Club Ride,20.96,366,0:45:37,114,126,1.2,27.6,161,176,3
Running,2023-11-21 10:54:00,false,Long Run,9.75,532,0:48:17,142,158,2.4,4:57,88,77,4
Walking,2023-11-17 15:49:00,false,Walk,2.37,204,0:27:03,99,113,0.6,5.3,18,18,2
Cycling,2023-11-15 19:18:00,false,Club Ride,27.55,519,0:52:09,125,144,1.6,31.7,228,209,4
Cycling,2023-11-15 16:42:00,false,Lunch Ride,48.41,898,1:30:27,138,167,2.7,32.1,469,503,7
Running,2023-11-13 17:05:00,false,Evening Run,9.81,538,0:57:55,146,160,2.7,5:54,78,70,4
Cycling,2023-11-11 15:28:00,false,Morning Ride,63.21,"1,092",1:54:19,111,125,1.5,33.2,958,969,9
Running,2023-11-10 11:28:00,false,Morning Run,4.37,220,0:23:11,159,170,2.6,5:18,31,28,1
Cycling,2023-11-09 08:20:00,false,Lunch Ride,45.41,691,1:21:54,124,140,1.8,33.3,189,179,6
Running,2023-11-07 12:02:00,false,Evening Run,8.49,343,0:43:18,139,164,2.1,5:06,137,137,3
Cycling,2023-11-06 16:10:00,false,Evening Ride,30.80,549,1:08:28,129,156,2.0,27.0,265,276,5
Cycling,2023-11-04 05:13:00,false,Morning Ride,27.05,504,0:57:54,141,162,2.4,28.0,387,413,4
Cycling,2023-11-03 18:52:00,false,Evening Ride,55.35,"1,189",1:56:11,126,146,2.1,28.6,856,858,9
Cycling,2023-11-02 14:06:00,false,Evening Ride,48.06,"1,296",1:40:23,131,145,2.4,28.7,450,405,8
Cycling,2023-10-27 16:02:00,false,Club Ride,28.51,716,0:58:07,121,143,1.5,29.4,435,400,4
Walking,2023-10-27 07:11:00,false,Walk,3.46,371,0:41:45,101,127,0.8,5.0,32,33,3
Running,2023-08-26 07:29:00,false,Lunch Run,6.71,326,0:37:46,142,154,2.2,5:38,143,162,3
Cycling,2023-08-24 08:11:00,false,Evening Ride,54.35,"1,102",1:56:51,130,149,2.4,27.9,568,587,9
Cycling,2023-08-22 08:44:00,false,Morning Ride,47.39,827,1:29:21,131,161,2.3,31.8,349,313,7
Running,2023-08-21 13:37:00,false,Evening Run,16.76,"1,040",1:21:25,129,142,2.1,4:52,224,228,6
Walking,2023-08-19 14:49:00,false,Walk,3.47,340,0:43:56,99,110,0.8,4.7,38,36,3
Running,2023-08-18 18:54:00,false,Long Run,5.53,309,0:29:15,144,156,2.1,5:18,103,100,2
Cycling,2023-08-17 06:18:00,false,Lunch Ride,65.33,"1,076",2:14:54,128,144,2.4,29.1,437,470,11
Running,2023-08-16 15:02:00,false,Morning Run,4.85,290,0:24:38,166,187,3.1,5:05,70,75,2
Cycling,2023-08-15 19:11:00,false,Morning Ride,12.74,192,0:22:00,124,145,1.2,34.7,155,149,1
Cycling,2023-08-14 08:57:00,false,Evening Ride,70.93,994,2:04:27,115,127,1.7,34.2,785,849,10
Running,2023-08-14 07:49:00,false,Morning Run,4.49,289,0:24:56,134,152,1.6,5:33,82,87,2
Cycling,2023-08-13 10:18:00,false,Morning Ride,23.65,536,0:49:51,132,146,1.9,28.5,351,330,4
Cycling,2023-08-12 11:45:00,false,Club Ride,11.29,223,0:22:00,96,125,0.5,30.8,112,108,1
Running,2023-08-10 05:36:00,false,Long Run,6.89,368,0:38:03,153,171,2.8,5:31,95,109,3
Running,2023-08-07 05:11:00,false,Lunch Run,9.95,665,0:58:41,159,180,3.5,5:54,141,156,4
Walking,2023-08-05 07:01:00,false,Evening Walk,2.72,267,0:33:09,96,125,0.6,4.9,29,28,2
Cycling,2023-08-04 08:06:00,false,Evening Ride,16.03,412,0:36:59,128,154,1.6,26.0,250,258,3
Cycling,2023-08-04 07:43:00,false,Morning Ride,37.22,767,1:34:34,144,155,3.0,23.6,470,483,7
Walking,2023-08-03 09:51:00,false,Walk,1.53,199,0:16:10,126,155,1.2,5.7,15,14,1
Running,2023-08-01 07:58:00,false,Evening Run,12.30,696,1:03:46,146,172,2.8,5:11,110,113,5
Cycling,2023-07-31 07:50:00,false,Evening Ride,44.01,"1,020",1:31:11,151,167,3.5,29.0,388,419,7
Walking,2023-07-30 12:00:00,false,Untitled,0.01,--,0:00:51,--,--,0.0,0.0,--,--,1
Running,2023-07-29 09:50:00,false,Long Run,10.62,767,1:05:57,136,163,2.3,6:13,99,87,5
Cycling,2023-07-26 19:26:00,false,Evening Ride,30.73,673,0:58:04,130,150,1.9,31.8,307,343,4
Cycling,2023-07-25 07:49:00,false,Evening Ride,39.62,717,1:25:34,136,152,2.5,27.8,578,658,7
Cycling,2023-07-24 07:30:00,false,Morning Ride,38.97,899,1:13:07,117,131,1.5,32.0,355,366,6
Cycling,2023-07-20 09:10:00,false,Club Ride,30.88,580,0:55:12,130,145,1.9,33.6,164,145,4
Running,2023-07-19 05:15:00,false,Lunch Run,8.03,564,0:48:29,150,178,2.8,6:02,164,153,4
Cycling,2023-07-18 16:56:00,false,Evening Ride,35.91,730,1:15:48,149,172,3.2,28.4,446,463,6
Cycling,2023-07-17 09:42:00,false,Club Ride,58.49,958,1:54:16,132,153,2.5,30.7,312,313,9
Cycling,2023-07-16 19:52:00,false,Evening Ride,11.03,155,0:22:00,96,124,0.5,30.1,51,51,1
Cycling,2023-07-16 05:21:00,false,Evening Ride,58.68,968,2:00:13,140,158,3.0,29.3,282,255,10
Cycling,2023-07-13 17:14:00,false,Evening Ride,33.59,688,0:59:38,128,150,1.8,33.8,237,248,4
Running,2023-07-12 18:35:00,false,Evening Run,8.83,580,0:48:51,120,139,1.4,5:32,52,53,4
Walking,2023-07-11 08:23:00,false,Evening Walk,5.06,551,0:53:17,84,112,0.5,5.7,50,49,4
Running,2023-07-10 05:10:00,false,Morning Run,8.18,444,0:47:53,127,146,1.7,5:51,94,96,3
Running,2023-07-09 19:49:00,false,Long Run,6.61,384,0:32:07,138,156,1.9,4:52,47,54,2
Running,2023-07-01 17:10:00,false,Morning Run,8.06,529,0:45:27,156,172,3.1,5:39,61,69,3
Cycling,2023-06-29 11:14:00,false,Club Ride,31.06,646,1:00:33,126,139,1.8,30.8,319,348,5
Cycling,2023-06-26 12:22:00,false,Lunch Ride,46.91,794,1:42:24,123,138,1.9,27.5,561,626,8
Cycling,2023-06-25 12:33:00,false,Club Ride,51.53,997,1:47:09,147,161,3.4,28.9,677,747,8
Cycling,2023-06-24 17:41:00,false,Evening Ride,46.00,"1,091",1:28:28,113,129,1.4,31.2,560,553,7
Running,2023-06-24 09:34:00,false,Morning Run,7.41,364,0:45:12,155,171,3.1,6:06,79,90,3
Running,2023-06-23 10:45:00,false,Evening Run,13.90,797,1:16:44,141,168,2.7,5:31,133,128,6
Running,2023-06-22 11:05:00,false,Morning Run,21.11,"1,115",1:45:17,144,162,3.2,4:59,390,361,8
Cycling,2023-06-20 06:57:00,false,Lunch Ride,44.61,646,1:28:12,145,171,3.1,30.3,372,399,7
Running,2023-06-19 13:52:00,false,Lunch Run,9.05,349,0:48:02,159,182,3.4,5:18,84,89,4
Cycling,2023-06-18 05:27:00,false,Morning Ride,23.36,557,0:47:33,122,142,1.5,29.5,230,213,3
Cycling,2023-06-16 09:12:00,false,Morning Ride,46.40,929,1:36:10,143,162,3.0,28.9,288,279,8
Cycling,2023-06-15 15:02:00,false,Evening Ride,23.86,628,0:50:37,130,152,1.8,28.3,351,333,4
Cycling,2023-06-14 07:19:00,false,Club Ride,39.01,"1,027",1:30:45,132,143,2.3,25.8,271,300,7
Cycling,2023-06-13 13:16:00,false,Lunch Ride,45.58,774,1:39:04,144,171,3.1,27.6,545,595,8
Hiking,2023-06-11 16:49:00,false,Hike,12.49,"1,629",3:12:17,140,167,3.6,3.9,774,782,16
Cycling,2023-06-09 11:10:00,false,Lunch Ride,43.11,623,1:25:06,147,166,3.2,30.4,197,179,7
Running,2023-06-08 17:36:00,false,Evening Run,16.18,722,1:30:08,147,175,3.2,5:34,311,318,7
Hiking,2023-06-07 16:48:00,false,Hike,14.86,"1,704",3:01:38,106,133,1.5,4.9,982,979,15
Cycling,2023-06-05 06:36:00,false,Morning Ride,61.34,"1,277",1:56:20,112,140,1.5,31.6,942,867,9
Walking,2023-06-04 09:16:00,false,Evening Walk,4.01,436,0:54:48,110,126,1.1,4.4,34,31,4
Running,2023-06-03 12:00:00,false,Untitled,0.01,--,0:00:96,--,--,0.0,0.0,--,--,1
Hiking,2023-06-03 06:42:00,false,Hike,4.93,759,1:19:09,139,151,2.6,3.7,194,209,6
Cycling,2023-05-31 18:57:00,false,Morning Ride,94.19,"1,340",2:38:26,125,145,2.3,35.7,590,515,13
Hiking,2023-05-30 13:30:00,false,Hike,13.66,"1,501",2:49:33,100,126,1.2,4.8,845,746,14
Cycling,2023-05-28 12:54:00,false,Lunch Ride,17.94,379,0:36:23,145,160,2.3,29.6,90,78,3
Cycling,2023-05-26 07:07:00,false,Evening Ride,98.56,"2,119",3:04:59,142,156,3.6,32.0,1003,1095,15
Cycling,2023-05-24 09:15:00,false,Evening Ride,78.59,"1,588",2:23:49,123,147,2.1,32.8,826,903,11
Cycling,2023-05-23 05:07:00,false,Morning Ride,42.67,"1,156",1:28:59,99,110,0.9,28.8,571,494,7
Cycling,2023-05-22 06:48:00,false,Lunch Ride,43.96,"1,005",1:25:45,114,135,1.4,30.8,686,670,7
Hiking,2023-05-21 18:12:00,false,Hike,4.43,599,1:01:12,126,138,1.8,4.3,190,217,5
Cycling,2023-05-19 11:33:00,false,Lunch Ride,61.23,"1,399",2:04:59,123,149,2.0,29.4,823,790,10
Cycling,2023-05-18 14:02:00,false,Evening Ride,12.11,253,0:22:00,124,143,1.2,33.0,86,96,1
Walking,2023-05-17 15:08:00,false,Walk,2.07,283,0:27:52,88,112,0.5,4.5,23,25,2
Cycling,2023-05-16 09:07:00,false,Lunch Ride,40.18,767,1:13:42,110,125,1.2,32.7,442,458,6
Cycling,2023-05-15 16:46:00,false,Morning Ride,35.38,713,1:09:21,133,152,2.2,30.6,530,480,5
Cycling,2023-05-14 12:44:00,false,Evening Ride,49.77,833,1:29:44,128,155,2.1,33.3,560,556,7
Walking,2023-05-12 16:27:00,false,Walk,1.09,129,0:12:00,98,125,0.5,5.4,2,2,1
Walking,2023-05-11 16:09:00,false,Evening Walk,3.90,563,0:43:54,98,126,0.7,5.3,18,18,3
Cycling,2023-05-10 17:26:00,false,Club Ride,58.48,"1,034",1:56:02,149,161,3.6,30.2,652,611,9
Cycling,2023-05-09 13:59:00,false,Club Ride,22.47,499,0:40:06,108,127,1.0,33.6,330,299,3
Cycling,2023-05-08 07:40:00,false,Club Ride,26.03,635,0:53:37,113,139,1.2,29.1,283,258,4
Cycling,2023-05-07 07:41:00,false,Lunch Ride,33.21,821,1:14:17,113,130,1.3,26.8,524,583,6
Walking,2023-05-04 13:27:00,false,Evening Walk,4.29,510,0:42:43,98,118,0.7,6.0,39,34,3
Cycling,2023-05-03 18:19:00,false,Morning Ride,43.56,680,1:26:19,121,148,1.8,30.3,497,537,7
Cycling,2023-05-03 06:48:00,false,Morning Ride,37.77,"1,039",1:20:18,112,136,1.3,28.2,459,425,6
Cycling,2023-05-02 10:08:00,false,Lunch Ride,49.72,740,1:34:54,134,149,2.4,31.4,630,642,7
Cycling,2023-05-01 10:30:00,false,Lunch Ride,38.77,643,1:23:43,130,148,2.2,27.8,464,497,6
Hiking,2023-04-30 17:18:00,false,Hike,12.31,"1,206",2:31:19,121,143,2.1,4.9,920,875,12
Running,2023-04-29 07:10:00,false,Evening Run,5.00,258,0:22:08,171,197,3.3,4:26,188,215,1
Cycling,2023-04-28 12:08:00,false,Lunch Ride,37.61,914,1:13:47,121,135,1.6,30.6,474,431,6
Cycling,2023-04-27 16:58:00,false,Evening Ride,34.78,838,1:12:31,133,146,2.2,28.8,246,224,6
Cycling,2023-04-27 15:37:00,false,Lunch Ride,41.23,589,1:21:15,139,162,2.6,30.4,190,163,6
Cycling,2023-04-23 08:42:00,false,Club Ride,48.23,788,1:33:57,146,168,3.2,30.8,257,247,7
Cycling,2023-04-22 05:28:00,false,Morning Ride,66.59,"1,190",2:27:39,119,149,2.0,27.1,320,321,12
Cycling,2023-04-20 16:32:00,false,Club Ride,10.80,318,0:27:27,132,157,1.6,23.6,131,142,2
Running,2023-04-18 19:03:00,false,Morning Run,14.03,563,1:13:50,145,158,2.9,5:16,183,176,6
Running,2023-04-17 15:06:00,false,Morning Run,12.52,522,1:09:16,140,166,2.6,5:32,67,72,5
Cycling,2023-04-16 15:01:00,false,Club Ride,39.99,790,1:20:56,154,169,3.6,29.6,433,403,6
Running,2023-04-15 12:00:00,false,Untitled,0.01,--,0:00:39,--,--,0.0,0.0,--,--,1
Cycling,2023-04-12 14:46:00,false,Evening Ride,37.86,636,1:14:37,135,161,2.3,30.4,455,522,6
Cycling,2023-04-11 19:59:00,false,Evening Ride,61.75,"1,083",2:03:25,143,166,3.3,30.0,573,525,10
Cycling,2023-04-10 18:10:00,false,Evening Ride,35.79,716,1:10:22,137,159,2.4,30.5,207,189,5
Walking,2023-04-08 07:52:00,false,Walk,0.94,89,0:12:00,100,124,0.5,4.7,2,2,1
Cycling,2023-04-04 09:02:00,false,Lunch Ride,59.43,"1,181",1:53:01,143,164,3.2,31.6,410,398,9
Running,2023-04-03 08:43:00,false,Morning Run,8.41,420,0:51:32,143,165,2.5,6:07,179,166,4
Running,2023-04-02 06:24:00,false,Evening Run,8.13,446,0:39:39,137,163,2.0,4:53,113,100,3
Running,2023-03-31 13:47:00,false,Morning Run,11.56,789,1:08:18,137,163,2.4,5:54,169,189,5
Cycling,2023-03-30 06:56:00,false,Evening Ride,43.98,774,1:28:46,137,154,2.6,29.7,266,238,7
Cycling,2023-03-28 10:57:00,false,Morning Ride,21.76,414,0:50:05,142,163,2.4,26.1,311,275,4
Running,2023-03-27 11:49:00,false,Long Run,14.07,648,1:07:42,147,164,2.9,4:49,133,128,5
Cycling,2023-03-26 11:16:00,false,Evening Ride,46.50,"1,046",1:37:26,118,144,1.7,28.6,482,508,8
Cycling,2023-03-25 10:43:00,false,Morning Ride,22.11,401,0:45:41,143,164,2.4,29.0,315,299,3
Walking,2023-03-24 12:24:00,false,Walk,3.50,522,0:41:06,97,121,0.7,5.1,37,37,3
Cycling,2023-03-23 18:09:00,false,Club Ride,67.01,"1,230",1:55:29,128,157,2.3,34.8,410,404,9
Running,2023-03-22 13:58:00,false,Morning Run,8.94,360,0:43:58,141,156,2.3,4:55,176,193,3
Cycling,2023-03-21 15:59:00,false,Morning Ride,39.89,913,1:10:54,132,151,2.1,33.8,525,560,5
Hiking,2023-03-19 15:53:00,false,Hike,12.88,"1,527",3:35:14,112,125,1.8,3.6,567,634,17
Cycling,2023-03-19 09:58:00,false,Evening Ride,36.05,887,1:20:29,113,134,1.4,26.9,491,525,6
Cycling,2023-03-18 06:30:00,false,Club Ride,62.31,"1,323",2:07:44,136,154,2.8,29.3,788,745,10
Running,2023-03-17 16:03:00,false,Morning Run,3.63,203,0:17:47,149,165,2.0,4:54,26,24,1
Walking,2023-03-16 16:33:00,false,Walk,2.66,320,0:29:39,110,130,0.9,5.4,26,23,2
Cycling,2023-03-14 11:38:00,false,Evening Ride,51.92,920,1:36:59,141,168,2.9,32.1,459,489,8
Cycling,2023-03-12 16:34:00,false,Lunch Ride,32.18,543,1:08:11,137,151,2.4,28.3,391,335,5
Cycling,2023-03-11 07:18:00,false,Morning Ride,10.47,202,0:22:00,146,168,2.0,28.6,166,162,1
Cycling,2023-03-10 14:42:00,false,Lunch Ride,12.15,241,0:25:45,138,157,1.8,28.3,57,57,2
Cycling,2023-03-10 07:42:00,false,Club Ride,65.83,"1,636",2:07:42,135,165,2.8,30.9,541,554,10
Walking,2023-03-08 08:38:00,false,Evening Walk,4.28,331,0:47:17,98,128,0.8,5.4,13,13,3
Running,2023-03-07 12:30:00,false,Evening Run,8.49,522,0:43:52,137,165,2.0,5:10,59,64,3
Walking,2023-03-05 05:27:00,false,Walk,2.91,261,0:34:21,97,120,0.7,5.1,24,23,2
Cycling,2023-03-04 13:50:00,false,Club Ride,28.28,513,0:57:10,160,181,3.6,29.7,392,388,4
Running,2023-03-03 10:09:00,false,Lunch Run,11.31,465,1:03:36,140,158,2.5,5:37,183,206,5
Running,2023-03-02 17:39:00,false,Evening Run,6.59,368,0:35:32,146,170,2.3,5:23,96,82,2
Running,2023-02-28 17:39:00,false,Long Run,8.69,608,0:49:52,150,169,2.9,5:44,161,153,4
Cycling,2023-02-24 18:18:00,false,Club Ride,53.96,881,1:58:09,137,161,2.8,27.4,346,304,9
Cycling,2023-02-22 13:41:00,false,Evening Ride,40.54,"1,096",1:30:23,118,143,1.6,26.9,413,358,7
Running,2023-02-22 12:54:00,false,Lunch Run,9.69,534,0:50:31,159,184,3.4,5:13,82,86,4
Cycling,2023-02-20 09:51:00,false,Lunch Ride,59.87,"1,454",2:15:29,133,148,2.7,26.5,883,873,11
Walking,2023-02-19 17:36:00,false,Evening Walk,5.36,755,1:04:30,113,141,1.3,5.0,61,57,5
Cycling,2023-02-18 08:10:00,false,Club Ride,31.27,603,1:01:41,125,141,1.7,30.4,433,391,5
Cycling,2023-02-18 05:19:00,false,Evening Ride,39.19,"1,001",1:23:58,119,148,1.7,28.0,521,553,6
Cycling,2023-02-15 14:37:00,false,Lunch Ride,19.54,345,0:40:13,118,146,1.3,29.1,150,131,3
Cycling,2023-02-13 06:58:00,false,Lunch Ride,35.13,525,1:08:14,149,168,3.1,30.9,344,351,5
Running,2023-02-12 13:15:00,false,Lunch Run,4.18,202,0:24:34,162,179,2.9,5:53,77,66,2
Cycling,2023-02-11 17:33:00,false,Club Ride,37.16,601,1:14:35,111,127,1.3,29.9,558,593,6
Cycling,2023-02-09 05:51:00,false,Evening Ride,33.27,769,1:07:00,113,131,1.3,29.8,322,296,5
Cycling,2023-02-08 06:47:00,false,Club Ride,53.14,"1,296",1:43:52,129,155,2.3,30.7,787,843,8
Cycling,2023-02-07 18:38:00,false,Lunch Ride,32.38,519,1:07:39,121,139,1.6,28.7,513,475,5
Walking,2023-01-31 12:49:00,false,Evening Walk,1.60,336,0:26:32,99,111,0.7,3.6,10,9,2
Walking,2023-01-30 09:45:00,false,Evening Walk,5.45,596,1:10:45,99,125,0.9,4.6,41,36,5
Running,2023-01-28 13:02:00,false,Long Run,10.17,430,1:00:50,137,156,2.3,5:59,72,63,5
Cycling,2023-01-26 18:37:00,false,Evening Ride,45.90,"1,308",1:41:48,137,149,2.7,27.1,642,583,8
Cycling,2023-01-24 10:08:00,false,Lunch Ride,31.35,683,1:13:43,138,158,2.5,25.5,399,396,6
Cycling,2023-01-21 06:13:00,false,Evening Ride,52.40,"1,107",1:48:03,119,147,1.8,29.1,326,302,9
Cycling,2023-01-20 16:50:00,false,Evening Ride,20.65,463,0:47:25,140,165,2.3,26.1,239,212,3
Running,2023-01-19 19:05:00,false,Long Run,9.20,655,0:53:45,149,177,2.9,5:50,189,188,4
Cycling,2023-01-02 05:00:00,false,Morning Ride,38.21,983,1:21:55,124,146,1.9,28.0,449,430,6
Cycling,2022-12-30 08:18:00,false,Lunch Ride,33.84,635,0:59:52,137,158,2.3,33.9,248,222,4
Cycling,2022-12-27 14:20:00,false,Morning Ride,43.55,795,1:24:58,118,142,1.6,30.8,636,560,7
Walking,2022-12-25 12:52:00,false,Evening Walk,1.15,103,0:14:03,105,116,0.6,4.9,5,5,1
Cycling,2022-12-23 15:59:00,false,Club Ride,10.34,267,0:22:00,135,161,1.6,28.2,118,135,1
Running,2022-12-23 15:10:00,false,Morning Run,10.92,698,1:04:38,140,157,2.5,5:55,226,194,5
Running,2022-12-21 15:52:00,false,Long Run,9.41,617,0:56:38,144,162,2.6,6:01,122,129,4
Cycling,2022-12-17 13:19:00,false,Lunch Ride,31.25,770,1:06:16,142,154,2.6,28.3,177,175,5
Cycling,2022-12-14 15:49:00,false,Evening Ride,30.27,715,1:12:03,131,160,2.1,25.2,306,325,6
Cycling,2022-12-10 11:51:00,false,Lunch Ride,21.28,413,0:43:33,127,153,1.6,29.3,288,286,3
Cycling,2022-12-09 19:01:00,false,Club Ride,28.60,691,1:13:53,137,166,2.4,23.2,183,155,6
Cycling,2022-12-09 08:49:00,false,Morning Ride,12.29,240,0:22:00,114,137,0.9,33.5,145,148,1
Running,2022-12-08 06:40:00,false,Lunch Run,11.26,722,0:57:12,147,158,2.8,5:05,176,151,4
Cycling,2022-12-04 17:47:00,false,Club Ride,15.52,288,0:31:41,147,174,2.3,29.4,110,118,2
Cycling,2022-11-28 19:16:00,false,Morning Ride,7.38,279,0:22:00,157,170,2.5,20.1,55,54,1
Cycling,2022-11-26 11:22:00,false,Lunch Ride,39.89,667,1:23:02,131,152,2.2,28.8,567,489,6
Running,2022-11-24 18:34:00,false,Lunch Run,12.50,843,1:10:36,151,163,3.2,5:39,239,220,5
Cycling,2022-11-24 12:48:00,false,Morning Ride,51.22,"1,152",1:43:22,136,166,2.7,29.7,578,563,8
Cycling,2022-11-23 16:31:00,false,Lunch Ride,56.64,"1,390",2:01:30,138,164,2.9,28.0,289,319,10
Cycling,2022-11-22 17:12:00,false,Evening Ride,68.02,"1,178",2:07:31,142,159,3.2,32.0,700,778,10
Walking,2022-11-17 08:34:00,false,Evening Walk,1.76,203,0:18:24,101,116,0.6,5.7,13,13,1
Cycling,2022-11-13 11:25:00,false,Lunch Ride,19.45,511,0:40:36,139,164,2.1,28.7,149,165,3
Walking,2022-11-11 10:22:00,false,Walk,4.21,529,0:46:31,91,113,0.6,5.4,22,22,3
Cycling,2022-11-07 18:43:00,false,Club Ride,36.47,765,1:08:59,155,173,3.5,31.7,189,168,5
Cycling,2022-11-01 09:54:00,false,Lunch Ride,47.97,974,1:32:50,115,130,1.5,31.0,265,290,7
Walking,2022-10-31 06:52:00,false,Evening Walk,2.82,274,0:30:38,100,116,0.7,5.5,31,26,2
Cycling,2022-10-30 07:45:00,false,Club Ride,46.97,"1,262",1:54:34,135,165,2.7,24.6,370,330,9
Walking,2022-10-28 18:25:00,false,Evening Walk,6.11,774,1:08:00,104,128,1.0,5.4,58,60,5
Cycling,2022-10-25 09:39:00,false,Evening Ride,19.14,339,0:39:58,143,159,2.3,28.7,146,142,3
Cycling,2022-10-22 17:02:00,false,Lunch Ride,51.11,"1,115",1:58:08,102,131,1.1,26.0,527,573,9
Cycling,2022-10-17 06:29:00,false,Lunch Ride,51.41,"1,395",1:50:20,139,153,2.9,28.0,590,517,9
Cycling,2022-10-14 12:16:00,false,Morning Ride,49.57,"1,002",1:57:37,116,140,1.7,25.3,554,525,9
Cycling,2022-10-12 12:54:00,false,Morning Ride,16.74,544,0:42:55,119,138,1.3,23.4,156,144,3
Cycling,2022-10-09 10:05:00,false,Club Ride,40.42,831,1:25:34,126,149,2.0,28.3,325,297,7
Cycling,2022-10-03 18:17:00,false,Morning Ride,37.48,602,1:20:50,130,146,2.1,27.8,483,476,6
Cycling,2022-10-03 12:08:00,false,Morning Ride,50.23,"1,268",1:43:16,125,147,2.0,29.2,544,507,8
Cycling,2022-10-02 10:11:00,false,Lunch Ride,41.98,601,1:20:27,148,160,3.1,31.3,581,567,6
Running,2022-10-01 11:34:00,false,Long Run,13.13,552,1:11:39,140,158,2.6,5:27,232,206,5
Cycling,2022-09-30 16:13:00,false,Morning Ride,69.37,"1,300",2:27:41,120,145,2.0,28.2,837,905,12
Cycling,2022-09-27 14:54:00,false,Club Ride,24.83,643,0:54:32,149,165,2.9,27.3,228,209,4
Cycling,2022-09-24 09:29:00,false,Lunch Ride,10.04,206,0:22:00,128,147,1.3,27.4,59,65,1
Running,2022-09-21 10:51:00,false,Morning Run,13.77,540,1:10:35,157,172,3.7,5:08,239,207,5
Cycling,2022-09-20 13:07:00,false,Lunch Ride,42.52,906,1:14:07,137,166,2.4,34.4,602,669,6
Running,2022-09-19 18:06:00,false,Long Run,6.32,387,0:37:45,145,166,2.3,5:58,107,102,3
Cycling,2022-09-18 13:17:00,false,Club Ride,20.05,378,0:43:21,130,155,1.8,27.7,285,278,3
Walking,2022-09-17 09:58:00,false,Walk,6.50,754,1:05:17,109,138,1.1,6.0,49,52,5
Cycling,2022-09-17 07:52:00,false,Evening Ride,73.35,"1,383",2:12:54,122,138,2.0,33.1,367,369,11
Cycling,2022-09-15 11:15:00,false,Evening Ride,10.66,217,0:22:00,158,170,2.5,29.1,64,71,1
Running,2022-09-14 12:04:00,false,Morning Run,4.00,207,0:23:30,163,183,2.9,5:53,20,19,1
Running,2022-09-14 08:56:00,false,Morning Run,12.47,625,1:15:06,126,138,1.9,6:01,262,236,6
Cycling,2022-09-08 16:09:00,false,Evening Ride,26.66,658,0:57:14,139,155,2.4,27.9,112,128,4
Walking,2022-09-03 19:10:00,false,Walk,4.26,753,0:58:15,95,111,0.7,4.4,46,52,4
Cycling,2022-09-01 06:49:00,false,Lunch Ride,26.45,475,1:02:16,145,173,2.7,25.5,192,183,5
Cycling,2022-08-29 18:58:00,false,Lunch Ride,38.36,584,1:16:51,119,142,1.6,29.9,480,488,6
Running,2022-08-24 12:00:00,false,Untitled,0.01,--,0:00:08,--,--,0.0,0.0,--,--,1
Cycling,2022-08-24 09:55:00,false,Morning Ride,31.75,724,1:06:54,121,145,1.6,28.5,390,440,5
Cycling,2022-08-20 05:02:00,false,Lunch Ride,31.35,958,1:14:24,136,156,2.4,25.3,218,245,6
Cycling,2022-08-17 06:33:00,false,Morning Ride,12.77,309,0:25:22,148,159,2.2,30.2,52,55,2
Cycling,2022-08-16 09:32:00,false,Lunch Ride,32.26,674,1:17:23,159,177,3.9,25.0,441,404,6
Hiking,2022-08-15 10:21:00,false,Hike,7.45,940,2:02:13,123,138,2.0,3.7,303,271,10
Running,2022-08-13 18:46:00,false,Morning Run,2.51,176,0:16:00,151,167,2.0,6:22,31,31,1
Walking,2022-08-12 08:18:00,false,Walk,1.61,229,0:21:44,102,131,0.7,4.4,7,8,1
Cycling,2022-08-11 18:38:00,false,Evening Ride,59.18,"1,220",2:01:10,132,155,2.5,29.3,466,441,10
Walking,2022-08-09 13:48:00,false,Evening Walk,4.33,379,0:47:56,94,115,0.7,5.4,28,29,3
Walking,2022-08-06 07:59:00,false,Evening Walk,3.76,503,0:50:50,95,113,0.7,4.4,22,23,4
Running,2022-08-03 15:10:00,false,Lunch Run,7.28,501,0:43:25,146,169,2.5,5:58,124,132,3
Cycling,2022-08-01 05:43:00,false,Lunch Ride,14.07,275,0:38:30,139,152,2.1,21.9,120,110,3
Cycling,2022-07-30 08:41:00,false,Morning Ride,42.81,"1,064",1:36:10,147,173,3.3,26.7,434,376,8
Cycling,2022-07-30 05:16:00,false,Evening Ride,74.48,"1,252",2:27:40,139,166,3.2,30.3,561,480,12
Cycling,2022-07-26 09:26:00,false,Morning Ride,48.91,"1,050",1:25:11,147,171,3.2,34.4,403,433,7
Cycling,2022-07-25 19:01:00,false,Club Ride,56.43,764,1:31:31,119,130,1.7,37.0,758,659,7
Cycling,2022-07-25 13:18:00,false,Evening Ride,57.32,936,2:13:36,135,150,2.8,25.7,480,464,11
Cycling,2022-07-23 19:47:00,false,Club Ride,54.97,"1,197",1:58:01,136,165,2.8,27.9,821,795,9
Cycling,2022-07-23 12:16:00,false,Evening Ride,29.05,592,1:01:37,126,146,1.8,28.3,126,121,5
Running,2022-07-23 12:00:00,false,Untitled,0.01,--,0:00:80,--,--,0.0,0.0,--,--,1
Cycling,2022-07-22 09:32:00,false,Morning Ride,18.60,404,0:38:20,128,146,1.6,29.1,183,177,3
Walking,2022-07-21 06:43:00,false,Walk,2.88,346,0:31:05,112,128,1.0,5.6,11,11,2
Walking,2022-07-19 05:52:00,false,Walk,3.41,388,0:35:21,116,138,1.2,5.8,12,13,2
Cycling,2022-07-16 15:36:00,false,Club Ride,51.44,836,1:55:07,112,137,1.5,26.8,444,437,9
Cycling,2022-07-15 16:25:00,false,Morning Ride,45.77,"1,184",1:44:55,121,135,1.9,26.2,477,483,8
Cycling,2022-07-15 08:31:00,false,Evening Ride,28.99,"1,039",1:21:03,135,154,2.4,21.5,267,233,6
Cycling,2022-07-14 06:51:00,false,Evening Ride,53.52,"1,362",1:51:54,136,150,2.7,28.7,534,482,9
Running,2022-07-13 17:22:00,false,Long Run,4.08,240,0:22:28,160,188,2.7,5:30,81,80,1
Cycling,2022-07-12 16:06:00,false,Club Ride,41.79,883,1:31:11,140,161,2.8,27.5,540,551,7
Hiking,2022-07-10 09:48:00,false,Hike,8.36,"1,486",2:17:24,119,145,1.9,3.7,335,375,11
Cycling,2022-07-07 18:44:00,false,Lunch Ride,23.88,661,0:56:07,155,173,3.3,25.5,273,266,4
Cycling,2022-07-06 06:04:00,false,Club Ride,25.04,521,1:01:24,127,143,1.8,24.5,328,292,5
Walking,2022-07-05 11:42:00,false,Evening Walk,0.87,142,0:12:00,108,136,0.6,4.3,10,10,1
Cycling,2022-07-04 14:29:00,false,Evening Ride,27.01,510,0:56:00,124,141,1.6,28.9,314,279,4
Hiking,2022-07-03 18:20:00,false,Hike,7.34,"1,083",2:16:05,134,161,2.7,3.2,249,249,11
Running,2022-07-02 12:47:00,false,Lunch Run,9.94,638,0:55:16,150,169,2.9,5:34,155,133,4
Cycling,2022-07-01 19:58:00,false,Morning Ride,47.28,"1,475",2:02:16,130,149,2.4,23.2,227,243,10
Cycling,2022-07-01 12:15:00,false,Lunch Ride,64.48,"1,528",2:00:50,116,133,1.7,32.0,426,405,10
Cycling,2022-06-30 09:44:00,false,Morning Ride,36.43,915,1:17:23,124,152,1.8,28.2,407,369,6
Cycling,2022-06-29 07:53:00,false,Morning Ride,46.15,918,1:55:22,126,144,2.2,24.0,570,655,9
Cycling,2022-06-29 05:18:00,false,Club Ride,51.16,798,1:45:57,138,160,2.8,29.0,724,652,8
Walking,2022-06-27 09:25:00,false,Walk,3.98,459,0:41:35,98,126,0.7,5.7,11,10,3
Running,2022-06-25 10:18:00,false,Lunch Run,11.07,635,1:04:08,146,160,2.8,5:48,158,151,5
Running,2022-06-24 19:37:00,false,Long Run,6.04,350,0:34:46,142,171,2.1,5:45,37,39,2
